Symbol,Strategy,Signal,Result,Date,RSI,ADX,Relative_Volume,ATR_Pct,EMA_Diff_Pct,Candle_Body_Pct
ETH-USD,Waterfall,SHORT,LOSS,2026-04-07 08:00:00+00:00,49.51892406303742,17.55873776200697,1.0900137521435613,1.4724435891552072,0.6031940703612033,0.6751539806934304
ETH-USD,FOMO Short,SHORT,LOSS,2026-04-08 00:00:00+00:00,71.50526456780081,20.49178967775044,1.673778779128905,1.7220542142307715,1.1366516340209396,0.26048081199724177
ETH-USD,FOMO Short,SHORT,LOSS,2026-04-08 08:00:00+00:00,71.83655666114052,24.627550635147585,0.2952798858224328,1.6189458121682054,1.6325659159899994,0.27127776565530465
ETH-USD,Mega Trend,LONG,WIN,2026-04-13 08:00:00+00:00,45.883199730018006,21.26370375640775,1.1047469584276537,1.3608475865762246,1.1901050699968452,0.09036943023078343
ETH-USD,Mega Trend,LONG,WIN,2026-04-13 12:00:00+00:00,50.71348615022974,21.29536211028635,3.1381750649562017,1.4344800872583272,1.1308480954867037,0.9396575045407474
ETH-USD,FOMO Short,SHORT,LOSS,2026-04-14 00:00:00+00:00,71.97383975427763,27.030338006404897,1.7916019139236619,1.708116447978885,1.736857227248675,0.3169505069196218
ETH-USD,FOMO Short,SHORT,LOSS,2026-04-14 08:00:00+00:00,72.05382294804059,31.548323412536494,1.4796133451514275,1.6442287480032167,2.1893417655043743,0.17769793735718498
ETH-USD,Mega Trend,LONG,LOSS,2026-04-19 08:00:00+00:00,46.470592835100376,19.688568594985234,0.04891534303214128,1.5323547298064095,1.6520929659022392,0.59951810985574
ETH-USD,Mega Trend,LONG,LOSS,2026-04-20 12:00:00+00:00,47.03804135566649,18.457071960609635,2.326121331998353,1.6801065168604308,0.6747012689960852,0.26006650268983944
ETH-USD,Mega Trend,LONG,LOSS,2026-04-20 16:00:00+00:00,50.90385653531448,17.526111687518256,0.5381953765316105,1.6903227176462272,0.6569109588522716,0.7377668559611001
ETH-USD,Mega Trend,LONG,LOSS,2026-04-21 04:00:00+00:00,48.40852655674654,15.35404515639483,0.17642334664906653,1.6104958327035832,0.5109684474767693,0.30438635067522235
ETH-USD,Mega Trend,LONG,LOSS,2026-04-21 20:00:00+00:00,51.22012907535965,14.342621454008919,0.7397216486030589,1.5783615616345774,0.36074877397992555,1.3475136248926116
ETH-USD,Mega Trend,LONG,LOSS,2026-04-22 00:00:00+00:00,58.77667566315027,14.15160246875998,3.0004716746679527,1.6393949435807964,0.4430685483267851,1.4892277266900547
ETH-USD,Mega Trend,LONG,LOSS,2026-04-23 12:00:00+00:00,47.53199586872243,15.00412647982391,0.0,1.5523251124425084,0.7140071051586563,0.20219030256278533
ETH-USD,Mega Trend,LONG,LOSS,2026-04-23 20:00:00+00:00,47.515379254532476,16.10905013610342,0.17909336449715665,1.5620773893737818,0.5527224174132627,0.6829523432086622
ETH-USD,Mega Trend,LONG,LOSS,2026-04-24 08:00:00+00:00,48.22421670343465,17.58370183850549,0.29655282870146066,1.4850079577059612,0.33681870472063735,0.7211961965345314
ETH-USD,Mega Trend,LONG,WIN,2026-04-26 04:00:00+00:00,52.16007927005296,15.65549563238205,2.6953190406286964,1.0263506804248237,0.029852550598287734,0.9386022185143346
ETH-USD,Mega Trend,LONG,LOSS,2026-04-29 04:00:00+00:00,52.544408657304864,14.222250475251457,1.7185603010106967,1.2733284684915325,0.352880610457858,0.4790509644067519
ETH-USD,Mega Trend,LONG,WIN,2026-05-01 12:00:00+00:00,55.580168769496176,14.66886327272372,2.546676634675301,1.2935762823345323,0.6656630817015208,0.9324663770582763
ETH-USD,Mega Trend,LONG,WIN,2026-05-02 00:00:00+00:00,54.18891707941091,14.118602914616563,0.0,1.2050302700872302,0.47366432345461407,0.3754281581714964
ETH-USD,Mega Trend,LONG,WIN,2026-05-02 08:00:00+00:00,53.5071474839914,13.511194090058684,0.0,1.0942095550873319,0.37551468453331543,0.06950932293528729
ETH-USD,Mega Trend,LONG,WIN,2026-05-03 04:00:00+00:00,54.58132413907044,15.431266548561153,0.1725495711856642,0.9882650933686961,0.13075219086208917,0.3334380337992557
ETH-USD,Mega Trend,LONG,LOSS,2026-05-07 04:00:00+00:00,50.05164169749681,23.775863296917578,0.45884395840338277,1.4119040195804835,0.7347565815259318,0.975381749891607
ETH-USD,Mega Trend,LONG,LOSS,2026-05-09 16:00:00+00:00,54.05722318567976,14.588741393242099,0.0,1.0868064350334148,0.11600324863926632,0.6097888462820155
ETH-USD,Mega Trend,LONG,LOSS,2026-05-10 00:00:00+00:00,52.44414103619822,13.109600918036001,0.0,1.0094213425566152,0.06790064807643953,0.05413785337379739
ETH-USD,Mega Trend,LONG,LOSS,2026-05-10 12:00:00+00:00,58.953952514748764,11.637086034329268,1.8693228102944914,0.9511117400737429,0.02564817039429765,1.0662815425502208
ETH-USD,Mega Trend,LONG,LOSS,2026-05-10 20:00:00+00:00,65.1844746370141,11.56063854236893,4.686214168128162,1.098052422332356,0.22425277174321018,0.2243694159908436
ETH-USD,Mega Trend,LONG,LOSS,2026-05-11 04:00:00+00:00,50.08953072367233,10.222235617528298,0.7553534028719148,1.163218830664443,0.20384943797088628,0.019742422168853878
ETH-USD,Mega Trend,LONG,LOSS,2026-05-11 08:00:00+00:00,51.79719030084433,9.62384912467627,0.6312152400457848,1.1169148285482786,0.2053932495513024,0.22267118651155618
ETH-USD,Mega Trend,LONG,LOSS,2026-05-11 16:00:00+00:00,53.30240051048622,10.553014600830505,0.2410564182751912,1.1268422822250994,0.21238528887155927,0.32395987313310665
ETH-USD,Liquidation,LONG,LOSS,2026-05-18 04:00:00+00:00,24.484577460031698,49.00391148670836,1.501280158926739,1.2742680518374851,2.297400988076604,0.0972046688192697
ETH-USD,Waterfall,SHORT,WIN,2026-05-20 20:00:00+00:00,41.86210946109456,38.68322512060045,0.3064403841663624,1.2622420817020321,2.191624488472352,0.44421130402320624
ETH-USD,Waterfall,SHORT,WIN,2026-05-21 04:00:00+00:00,44.83255790592793,34.50800648757919,0.1153451629577626,1.256131407408464,2.012863917422172,0.5274509126114107
ETH-USD,Waterfall,SHORT,WIN,2026-05-21 08:00:00+00:00,39.00632550822811,33.452530410332336,2.381878826115629,1.3082567711082185,2.0165980901202456,0.9707134765429108
ETH-USD,Waterfall,SHORT,WIN,2026-05-21 20:00:00+00:00,46.424522332820985,29.307454318917245,0.019190950170308876,1.2857975299944264,1.7766828826039935,0.40713198402894735
ETH-USD,Waterfall,SHORT,WIN,2026-05-22 04:00:00+00:00,44.69660443351559,26.78975613912458,0.02804765047877198,1.2226015121085374,1.6641653661290552,0.4736181257940857
ETH-USD,Waterfall,SHORT,WIN,2026-05-22 12:00:00+00:00,41.90620774810143,25.551731540282436,0.05780574169664107,1.1896201062930185,1.6000919813338277,0.5488657754195084
ETH-USD,Waterfall,SHORT,LOSS,2026-05-22 16:00:00+00:00,29.574192988025693,27.109713187824312,4.906881066319274,1.3761205885519658,1.7662758544662889,2.6399207598831755
ETH-USD,Liquidation,LONG,LOSS,2026-05-22 20:00:00+00:00,29.920450714458767,28.586910485450712,2.029042171985843,1.3492336988875875,1.8643031671398091,0.038276200828540725
ETH-USD,Liquidation,LONG,WIN,2026-05-23 08:00:00+00:00,26.295771497410602,34.49672111231634,1.4547525086584803,1.3952214234239968,2.258719452273261,0.1734649202750751
ETH-USD,Waterfall,SHORT,LOSS,2026-05-24 12:00:00+00:00,46.47662908342719,26.712432795080193,1.0864559721385818,1.4225268543253944,1.5911849706668677,1.4479094771132826
ETH-USD,Waterfall,SHORT,WIN,2026-05-24 20:00:00+00:00,47.57482255343658,24.899347431903074,0.6716658927404814,1.4081507617161027,1.4805917720875204,0.07246100143082831
ETH-USD,Waterfall,SHORT,LOSS,2026-05-25 00:00:00+00:00,46.3753603128954,24.286453477597345,0.2575132665872734,1.3771191395215823,1.4446716417307586,0.23173500415212298
ETH-USD,Waterfall,SHORT,LOSS,2026-05-26 00:00:00+00:00,44.90097122120052,18.472299672748196,1.083489003129909,1.2794450804081354,1.0112837931023382,0.9894166613156498
ETH-USD,Waterfall,SHORT,WIN,2026-05-26 12:00:00+00:00,44.21243890072646,16.36960761424249,4.140812188978313,1.4241587525060224,0.9449417402360395,1.6503066471507517
ETH-USD,Waterfall,SHORT,WIN,2026-05-27 08:00:00+00:00,44.02535639345575,15.713744582915869,0.6527725148877356,1.3036057667389669,1.074059991730761,0.12467931127284777
ETH-USD,Waterfall,SHORT,WIN,2026-05-27 12:00:00+00:00,41.35192650503101,16.212216487401225,1.102236430044962,1.3733662890411094,1.1017187926512713,0.496235166229039
ETH-USD,Liquidation,LONG,LOSS,2026-05-28 04:00:00+00:00,29.69577253835835,22.36126939707758,2.749134078675669,1.5720518256142215,1.7251150551532872,0.6732857521445489
ETH-USD,Liquidation,LONG,LOSS,2026-05-28 12:00:00+00:00,29.212771805495176,26.05892462194308,0.9047383138695217,1.5222995782905548,1.9943860435352618,0.044283437588917014
ETH-USD,Waterfall,SHORT,WIN,2026-05-29 16:00:00+00:00,42.070566802999274,25.883904629434703,0.5710818104697345,1.5589113714363503,1.971023425496686,0.7834779548261654
ETH-USD,Waterfall,SHORT,WIN,2026-05-30 20:00:00+00:00,44.97351409511838,19.71451044630699,0.0,1.1833992879283812,1.6256669042110772,0.3198823954670029
ETH-USD,Waterfall,SHORT,WIN,2026-05-31 04:00:00+00:00,46.08910416225055,17.192049167962022,0.01408087346673795,1.1155970082498552,1.491686934129203,0.4571627223039349
ETH-USD,Waterfall,SHORT,WIN,2026-05-31 08:00:00+00:00,45.84170715320913,16.509023585330095,1.0122400480722091,1.0832215942377916,1.4439759843898847,0.03018952277958688
ETH-USD,Waterfall,SHORT,WIN,2026-05-31 12:00:00+00:00,41.07115805684399,16.439138362115113,0.8316956926168879,1.08437265186377,1.441529442322312,0.6450270938010796
ETH-USD,Waterfall,SHORT,WIN,2026-06-02 04:00:00+00:00,40.0959969623263,22.97652312299863,0.578914036228618,1.3837235550923417,1.4713654696934564,1.1597913182520034
ETH-USD,Liquidation,LONG,LOSS,2026-06-03 20:00:00+00:00,27.36261336327945,45.96553959294952,1.0168667915423528,2.2982881704667237,3.6606717476599675,0.5401532914278602
ETH-USD,Liquidation,LONG,LOSS,2026-06-04 12:00:00+00:00,28.574084516794994,54.39696693739689,1.427701948115986,2.611486214688142,4.56775008717752,1.3873389900332838
ETH-USD,Liquidation,LONG,LOSS,2026-06-04 16:00:00+00:00,28.600516160832804,55.8798024812033,0.5345801733056094,2.5487380080838102,4.673686549296565,0.018027987194832812
ETH-USD,Liquidation,LONG,WIN,2026-06-05 20:00:00+00:00,16.816920517558426,67.25345017002633,1.6681663783320089,3.4353837620030947,7.629929955759939,0.5913374922407053
ETH-USD,Liquidation,LONG,WIN,2026-06-06 04:00:00+00:00,18.916885633388986,69.82861681014617,0.32042457991459006,3.502054674055355,8.266524439521781,0.7793606057854708
ETH-USD,Liquidation,LONG,WIN,2026-06-06 12:00:00+00:00,18.43122534695897,71.38510906981367,0.0,3.4214150288946863,8.74734404862573,0.09937038554347923
ETH-USD,Liquidation,LONG,WIN,2026-06-06 20:00:00+00:00,22.598896701133913,72.55360909460677,0.0,3.0914154059434975,8.860088108059943,0.9357087430205437
ETH-USD,Liquidation,LONG,WIN,2026-06-07 00:00:00+00:00,29.762338177983693,71.65582417874647,0.20647446965471233,2.9874260684164917,8.621992474693807,1.6094757755163855
ETH-USD,Waterfall,SHORT,LOSS,2026-06-09 12:00:00+00:00,41.13924572278047,31.925340756011597,0.9511881179080361,2.53386549329803,4.3844191115570315,2.1622141710872893
ETH-USD,Waterfall,SHORT,LOSS,2026-06-09 20:00:00+00:00,42.77297205937023,30.933434687809058,0.8630419565913944,2.4934193039055783,4.15098513512062,1.0674717419269086
ETH-USD,Waterfall,SHORT,LOSS,2026-06-10 16:00:00+00:00,43.49856135747311,28.637572183766874,1.2799670336061806,2.404063407503879,3.760635791729136,1.7577905497587316
ETH-USD,Waterfall,SHORT,LOSS,2026-06-11 12:00:00+00:00,47.268804618697565,23.184844945021137,0.0,2.1469905531236724,3.0789053316582127,1.2982409654408888
ETH-USD,Waterfall,SHORT,LOSS,2026-06-14 12:00:00+00:00,47.53054367388526,10.128256370223731,2.6029755914780695,1.2754682318738828,1.0266340200441388,0.6419500228000989
ETH-USD,FOMO Short,SHORT,WIN,2026-06-15 16:00:00+00:00,73.16501371739645,23.598032159780843,0.0,1.6347188079077313,0.6949171883105331,1.3258317360143876
ETH-USD,Waterfall,SHORT,LOSS,2026-06-18 12:00:00+00:00,37.11124052248623,25.821364586463638,2.5300806196798877,2.0144603700887105,0.8978516523637509,3.6360173078185536
SOL-USD,Waterfall,SHORT,LOSS,2026-04-06 20:00:00+00:00,43.72714136764426,17.140990161751674,0.06064614734271946,1.433410778830506,1.0780444978010022,2.086418885741697
SOL-USD,Waterfall,SHORT,LOSS,2026-04-09 00:00:00+00:00,50.495615070573876,20.855791515991722,0.1422613244334799,1.650813432843283,0.11759404223696905,0.5919378033994966
SOL-USD,Waterfall,SHORT,LOSS,2026-04-09 08:00:00+00:00,51.00497239901175,19.30195815573477,0.0,1.5130635615670032,0.11749039796893762,0.16853291710458276
SOL-USD,Waterfall,SHORT,LOSS,2026-04-12 00:00:00+00:00,44.61886867548194,26.858047787383676,3.6503040338241766,1.5376102248538281,0.9065652724956239,2.998171237647529
SOL-USD,Waterfall,SHORT,LOSS,2026-04-14 16:00:00+00:00,49.7655565950121,26.455247903823594,0.3195708732559787,1.522472301209563,0.8329227601080408,2.566933804471139
SOL-USD,Waterfall,SHORT,LOSS,2026-04-14 20:00:00+00:00,49.259486416780746,25.835903356992038,0.0,1.4809110703983261,0.7755331273662991,0.24825590096215444
SOL-USD,Waterfall,SHORT,LOSS,2026-04-15 00:00:00+00:00,47.908924057930776,25.099512759174377,0.0,1.4581131773791585,0.7066793347318256,0.32334927313342066
SOL-USD,Waterfall,SHORT,LOSS,2026-04-18 08:00:00+00:00,49.46175573780916,33.93898610837965,0.21911965380844783,1.7636189945531466,1.8922313906883692,2.2060475771782238
SOL-USD,Waterfall,SHORT,LOSS,2026-04-19 16:00:00+00:00,45.10426014687347,21.882601215551727,0.645507151090287,1.6204142749641084,0.9350880356374578,1.2183703234430663
SOL-USD,Waterfall,SHORT,LOSS,2026-04-20 16:00:00+00:00,49.80200354281523,17.15728906692528,0.6996995043968544,1.6260123964648252,0.37185735959466815,0.08156571320570678
SOL-USD,Waterfall,SHORT,LOSS,2026-04-20 20:00:00+00:00,47.22337144063458,16.062497489885985,0.2511121154317865,1.6017864158062678,0.3256895712147488,0.597822237516983
SOL-USD,Waterfall,SHORT,LOSS,2026-04-21 00:00:00+00:00,46.662174459302584,14.97033443836999,0.6769758212419942,1.5580392135586147,0.2755395745329276,0.15258789609050827
SOL-USD,Waterfall,SHORT,LOSS,2026-04-21 16:00:00+00:00,43.29816677181559,12.426468019840224,1.3774979117643693,1.5844162634729733,0.18984578022554865,1.8089368008681166
SOL-USD,Waterfall,SHORT,LOSS,2026-04-23 00:00:00+00:00,46.83627794654267,15.007361105166558,0.543425271154846,1.5807056033668585,0.6234890101717822,1.2819090255357557
SOL-USD,Waterfall,SHORT,LOSS,2026-04-23 16:00:00+00:00,44.432697118556376,12.547680354247838,2.7592204477730173,1.5247649501747662,0.3919002383625548,1.2306646220270778
SOL-USD,Waterfall,SHORT,LOSS,2026-04-24 00:00:00+00:00,47.18699843593207,12.03047203370768,0.0,1.4624604528673033,0.31660872841902676,0.5248478992870067
SOL-USD,Waterfall,SHORT,LOSS,2026-04-25 12:00:00+00:00,50.02319134088949,10.278988995990698,0.0,1.1426132017647619,0.24856944627150582,0.16231813292572464
SOL-USD,Waterfall,SHORT,LOSS,2026-04-25 16:00:00+00:00,45.63220869511513,9.68834642632489,0.9094257929530207,1.1318522020207367,0.20387164138021382,0.5950322502370222
SOL-USD,Waterfall,SHORT,LOSS,2026-04-26 00:00:00+00:00,48.25176682228739,8.718215975083703,1.3147881512248005,1.0656657773235003,0.17275646561386918,0.23255459097928777
SOL-USD,Waterfall,SHORT,WIN,2026-04-27 04:00:00+00:00,42.18424236733747,9.082026731277393,4.438395345686586,1.207498616366288,0.261327484748553,2.9084126358239413
SOL-USD,Waterfall,SHORT,LOSS,2026-04-29 12:00:00+00:00,37.010687840146375,16.560164066369577,1.2432267807640878,1.220930338606806,0.7396083935903173,1.9942379922043423
SOL-USD,Waterfall,SHORT,LOSS,2026-05-01 16:00:00+00:00,48.286034121406935,15.717368673299472,0.8450452876072065,1.1421911785853252,0.8214590729988416,0.7272301267591017
SOL-USD,Waterfall,SHORT,LOSS,2026-05-01 20:00:00+00:00,47.25706139108594,14.63253111563159,1.1651871223665389,1.1115867255551506,0.7986173521140999,0.1552020655473913
SOL-USD,Waterfall,SHORT,LOSS,2026-05-02 08:00:00+00:00,46.49511078223219,13.1567776188252,0.036310930195941775,1.022071496575914,0.7347212023624287,0.035849401514664564
SOL-USD,Waterfall,SHORT,LOSS,2026-05-03 00:00:00+00:00,46.02178283105146,14.082911931635742,1.1779720059643053,0.9483283972381539,0.5854880224116386,0.7171867653083074
SOL-USD,Waterfall,SHORT,LOSS,2026-05-03 20:00:00+00:00,48.4430004137396,16.47760129065424,6.374665852586674,0.8749779426339535,0.43901115659261614,0.536413102296094
SOL-USD,Waterfall,SHORT,LOSS,2026-05-04 08:00:00+00:00,48.15266965455183,19.435297624405457,3.8329343081478124,1.1345480434741435,0.26523863551977384,1.0721871221204808
SOL-USD,Waterfall,SHORT,LOSS,2026-05-04 20:00:00+00:00,49.03168973677175,18.341696059239712,0.0,1.1687165494831504,0.2065145826747525,0.3924855183968399
SOL-USD,FOMO Short,SHORT,LOSS,2026-05-06 12:00:00+00:00,71.014498728323,29.32408862803235,0.08220086152614718,1.3943505939539298,0.8110261087013169,1.0340543512673697
SOL-USD,FOMO Short,SHORT,LOSS,2026-05-06 20:00:00+00:00,70.9076508140783,33.943116546746005,0.4940153115627197,1.3495004415025216,1.1534506889982916,0.12338823159709197
SOL-USD,FOMO Short,SHORT,LOSS,2026-05-09 08:00:00+00:00,72.93734165880522,43.06616297320867,0.05875683898672956,1.4680975317893108,2.4450219381095257,0.08544465812399352
SOL-USD,FOMO Short,SHORT,WIN,2026-05-10 20:00:00+00:00,77.5193722362785,47.80912922407393,4.727535388344008,1.5610814403062268,3.072999388966936,0.031106157753470882
SOL-USD,Mega Trend,LONG,LOSS,2026-05-14 12:00:00+00:00,50.83743537752699,31.61078152763502,0.0,1.74116401360025,0.9868881845081556,2.7595831317711084
SOL-USD,Liquidation,LONG,LOSS,2026-05-18 08:00:00+00:00,29.97044377317151,47.36283654018661,0.7763402692909557,1.5370474854110334,2.292482735838014,0.21193960264805478
SOL-USD,Mega Trend,LONG,LOSS,2026-05-21 16:00:00+00:00,60.32432744027985,29.863930551841108,2.1651166229998293,1.4698658206772357,1.3550733564934876,1.5500349253064518
SOL-USD,Mega Trend,LONG,LOSS,2026-05-22 08:00:00+00:00,56.34487748003079,24.387356611515877,0.059891517035815654,1.3386917647698282,0.9266882704928789,0.4126081494000716
SOL-USD,Mega Trend,LONG,LOSS,2026-05-24 08:00:00+00:00,55.90936984689484,23.506338107389308,0.8721493792610995,1.6042328293519073,1.0214362194044597,0.6585784803304432
SOL-USD,Mega Trend,LONG,LOSS,2026-05-25 12:00:00+00:00,54.224180613175434,16.00307260531409,0.5291973180217295,1.4775758038244091,0.7191466335844352,0.5570334661003249
SOL-USD,Waterfall,SHORT,WIN,2026-05-25 20:00:00+00:00,46.698486418725494,14.762378242273371,0.0,1.4605723128352972,0.6975460682361935,0.6590532547353964
SOL-USD,Waterfall,SHORT,WIN,2026-05-26 12:00:00+00:00,44.71924122175596,14.275173588433198,3.757873365578681,1.5397792468091005,0.7952385196117293,0.8768786220186913
SOL-USD,Waterfall,SHORT,WIN,2026-05-27 16:00:00+00:00,43.37227944795107,15.46031776445164,0.0,1.4934476590128034,0.997649652981341,0.6327587939108034
SOL-USD,Waterfall,SHORT,WIN,2026-05-29 16:00:00+00:00,43.82287713870761,28.179817713487296,1.0198391633998802,1.7286942146210102,1.6595348268078336,0.6466554236422428
SOL-USD,Waterfall,SHORT,WIN,2026-05-30 04:00:00+00:00,46.325438557184945,28.486008332407486,0.5810736488644193,1.6083637240987059,1.517485526844444,0.36465669624297514
SOL-USD,Waterfall,SHORT,WIN,2026-05-31 04:00:00+00:00,48.352961208040924,23.76944728090614,0.01548029538691364,1.3043942774193267,1.1312535851157972,0.6905738896314828
SOL-USD,Waterfall,SHORT,WIN,2026-05-31 12:00:00+00:00,42.902823806136304,23.06335495790347,1.4630656787305638,1.2914400771006358,1.1030087212691666,1.039372079736783
SOL-USD,Waterfall,SHORT,WIN,2026-06-01 04:00:00+00:00,37.9897870609627,21.762456596663686,2.778190084299353,1.4256847890307627,1.138120545958592,2.3068345202910394
SOL-USD,Liquidation,LONG,LOSS,2026-06-04 12:00:00+00:00,26.01635060273911,56.06422045002413,1.5282601862402263,3.0770396218326734,5.711555692703922,1.3513439404880883
SOL-USD,Liquidation,LONG,WIN,2026-06-05 20:00:00+00:00,17.298809405324082,65.70609541389425,1.128802211493416,3.7872771230887774,8.464339780860549,0.31441716871624437
SOL-USD,Liquidation,LONG,WIN,2026-06-06 20:00:00+00:00,19.163879042479213,71.95307694305261,0.0,3.5375339327598323,9.610542197221996,0.8846698620867554
SOL-USD,Waterfall,SHORT,LOSS,2026-06-07 16:00:00+00:00,34.35859681036708,62.06599668998271,0.27365229708332317,3.242706201333492,8.221572116296615,1.6583310675113112
SOL-USD,Waterfall,SHORT,LOSS,2026-06-09 00:00:00+00:00,45.78064561911919,37.44956338343741,0.18310887684496246,2.943597040278367,5.330695936226682,1.196971084132339
SOL-USD,Waterfall,SHORT,LOSS,2026-06-09 08:00:00+00:00,46.577672970420785,32.83465405826798,0.2412077222827699,2.809548368207167,4.865545801575658,1.1802185684858544
SOL-USD,Waterfall,SHORT,LOSS,2026-06-09 12:00:00+00:00,39.07513122740633,31.81359120117441,0.3356997762475115,2.9318928740061816,4.971839583535282,2.7531445292590067
SOL-USD,Waterfall,SHORT,LOSS,2026-06-10 16:00:00+00:00,40.51816353500209,29.41784021661013,0.16730092595404827,2.7951986500934387,4.472075887356387,2.99259357529052
SOL-USD,Waterfall,SHORT,LOSS,2026-06-11 04:00:00+00:00,47.86355100161091,26.388877108079125,0.4851740052423954,2.6128287900080243,4.036760869828184,0.3540692120923556
SOL-USD,FOMO Short,SHORT,WIN,2026-06-15 16:00:00+00:00,79.33324779115063,34.9748738588911,0.0,1.8873242974424795,1.6444760992061838,0.026598354595949072
SOL-USD,FOMO Short,SHORT,WIN,2026-06-15 20:00:00+00:00,70.61565147790813,36.15987264026391,0.0,1.9589551033660182,1.910230286058454,1.7043177749618605
SOL-USD,Waterfall,SHORT,LOSS,2026-06-17 08:00:00+00:00,52.78070392746765,30.649830398346253,0.0,2.021382239115196,2.5890850845383357,1.7368347628156227
SOL-USD,Waterfall,SHORT,LOSS,2026-06-17 16:00:00+00:00,49.93983896587555,28.203548711085443,0.0,2.282197127033919,2.469644017183802,3.0023760753440256
SOL-USD,Waterfall,SHORT,LOSS,2026-06-18 00:00:00+00:00,49.69609584010197,25.922439720015785,0.04010778346757324,2.2062761777833053,2.2118450334232738,0.5867535040535554
SOL-USD,Waterfall,SHORT,LOSS,2026-06-18 08:00:00+00:00,46.384784346348724,23.002772373903554,0.5417167037344855,2.1759701366348114,1.9298932773222093,1.1993769453636547
SOL-USD,Waterfall,SHORT,LOSS,2026-06-18 12:00:00+00:00,37.04479872161229,22.511863232351224,4.203190296545637,2.4524432997822516,1.6241182581495588,3.7308019146822704
XRP-USD,Waterfall,SHORT,LOSS,2026-04-06 20:00:00+00:00,47.99862128138229,17.165397684337485,0.0,1.0720855217721286,0.5086006267583294,1.4815407641383422
XRP-USD,Waterfall,SHORT,LOSS,2026-04-07 08:00:00+00:00,40.94148650382733,15.822923809808914,0.26323125588998053,1.0736180466047223,0.612169972844507,0.4927123566527394
XRP-USD,Waterfall,SHORT,LOSS,2026-04-09 00:00:00+00:00,48.24125383233978,19.00145152056215,0.5602989355644006,1.4070361942872096,0.25360035515424323,0.7713017712026994
XRP-USD,Waterfall,SHORT,LOSS,2026-04-10 04:00:00+00:00,49.126970948866656,17.37811502923228,0.058350292509885354,1.256190610135797,0.24301256105829636,0.37458035578714255
XRP-USD,Waterfall,SHORT,LOSS,2026-04-12 00:00:00+00:00,44.733251136509764,19.941638797468734,5.857280018928025,1.1444986461325484,0.36797253845142475,1.7644142172722692
XRP-USD,Waterfall,SHORT,LOSS,2026-04-15 04:00:00+00:00,50.59968743327697,30.09361761361602,0.0,1.1172279061001809,0.4967016844006679,0.4362310930976541
XRP-USD,FOMO Short,SHORT,LOSS,2026-04-16 20:00:00+00:00,73.32054510071846,48.70672926875926,0.3723409495878803,1.5034875714430997,1.7686486131200285,0.8049476898002943
XRP-USD,Waterfall,SHORT,WIN,2026-04-18 08:00:00+00:00,52.677497514498,52.14004428719598,1.645961133356199,1.7814299038333086,2.6250953057521587,2.9818388148932025
XRP-USD,Waterfall,SHORT,WIN,2026-04-18 16:00:00+00:00,51.20827085564365,47.73511582321344,0.0,1.6660887061689504,2.4120377868107874,0.5953617509612225
XRP-USD,Waterfall,SHORT,WIN,2026-04-19 00:00:00+00:00,51.74863513380559,43.627562420478085,0.0,1.5768015815959984,2.2038607980292904,0.19581168566193125
XRP-USD,Waterfall,SHORT,LOSS,2026-04-19 04:00:00+00:00,48.7893271363348,41.260474968088836,1.3818559129258439,1.6093918933699012,2.0814624126262284,0.66159982427369
XRP-USD,Waterfall,SHORT,LOSS,2026-04-19 16:00:00+00:00,47.53241526054852,35.48547846790448,0.9753229313346499,1.5853548932766404,1.7855120711318477,1.0227128261733767
XRP-USD,Waterfall,SHORT,LOSS,2026-04-20 08:00:00+00:00,48.17188678435036,28.22263481056619,0.3587298180135703,1.6419447947625305,1.2674205258668299,0.014127635355459892
XRP-USD,Waterfall,SHORT,LOSS,2026-04-20 20:00:00+00:00,50.84967709900693,25.502595823718572,0.0,1.5398708195509505,1.1729138941203918,0.37895170442519954
XRP-USD,Waterfall,SHORT,LOSS,2026-04-21 00:00:00+00:00,50.62276622381917,24.594137540011825,0.0,1.4916609676931778,1.1235541266772202,0.05616495071067367
XRP-USD,Waterfall,SHORT,LOSS,2026-04-21 16:00:00+00:00,45.74706939089313,21.96352503515665,1.6532566436945728,1.4549510156731187,1.0270689962947954,1.3790676586048367
XRP-USD,Mega Trend,LONG,LOSS,2026-04-23 04:00:00+00:00,46.1483333172631,17.463696919442253,0.2197617066379066,1.311330306091671,0.88124102079107,0.3447616732712787
XRP-USD,Mega Trend,LONG,LOSS,2026-04-23 12:00:00+00:00,50.796257730097174,16.05131728171327,0.08265915031217641,1.2942526488683714,0.7507263890677925,1.0752641631993705
XRP-USD,Mega Trend,LONG,LOSS,2026-04-26 04:00:00+00:00,49.46423394401503,11.449308596779247,1.3653437630301244,0.8952399318162982,0.3206715587402478,0.7695024356805625
XRP-USD,Mega Trend,LONG,LOSS,2026-04-26 16:00:00+00:00,50.11742187717447,10.730358140363501,0.6626666568015618,0.8469793850867244,0.28340704598100275,0.07689523890312458
XRP-USD,Mega Trend,LONG,LOSS,2026-04-26 20:00:00+00:00,50.378607134237214,10.406044713604004,3.3345311208787254,0.8636292673159829,0.2750232573109185,0.02096783948281662
XRP-USD,Mega Trend,LONG,LOSS,2026-04-27 00:00:00+00:00,57.24969224037045,11.21622330873147,4.509097186481446,0.9015773783561812,0.3089458290879905,0.7764802646803299
XRP-USD,Mega Trend,LONG,WIN,2026-05-01 12:00:00+00:00,55.65947837471815,19.79267324107476,2.264127165631882,1.0521431596274637,1.0344742373418538,1.2750697088261924
XRP-USD,Waterfall,SHORT,LOSS,2026-05-03 00:00:00+00:00,47.47528933723391,14.623857003972677,0.5580294567566119,0.8707377027060479,0.5634377986042178,0.7371024303946294
XRP-USD,Waterfall,SHORT,LOSS,2026-05-03 20:00:00+00:00,49.26641968051985,15.254288889143888,1.664444803148904,0.8198895099170411,0.3697958074177936,0.5043932549427876
XRP-USD,Waterfall,SHORT,LOSS,2026-05-04 20:00:00+00:00,49.20628763761082,16.639945911476435,0.09400800091494728,1.0984086034920617,0.10470621279000619,0.43119238074873195
XRP-USD,Mega Trend,LONG,LOSS,2026-05-07 04:00:00+00:00,54.59299368070824,22.06223179188364,0.0,1.2226362562627482,0.5638414726034667,1.0423236233043383
XRP-USD,Mega Trend,LONG,WIN,2026-05-08 16:00:00+00:00,57.81526567938054,18.862559300364488,1.0886530561301246,1.176703338882516,0.06424844360682165,1.6192622872052531
XRP-USD,Mega Trend,LONG,WIN,2026-05-12 16:00:00+00:00,49.79828014069252,34.4505559431271,0.0,1.5775789507028675,1.138051545791916,1.1591607375072277
XRP-USD,Mega Trend,LONG,WIN,2026-05-14 04:00:00+00:00,48.2264620349748,22.335549428088186,0.1245605256252068,1.4529625079815625,0.49124916305808713,0.6705345641995775
XRP-USD,Mega Trend,LONG,WIN,2026-05-14 08:00:00+00:00,48.32651795725225,21.077026911859093,0.0,1.4077551712634124,0.4489142058167212,0.006984398817663652
XRP-USD,Mega Trend,LONG,WIN,2026-05-14 12:00:00+00:00,59.63718378536996,21.66194414346697,3.507885144118985,1.4775087301468999,0.5529770632902178,2.750606288233563
XRP-USD,Waterfall,SHORT,WIN,2026-05-24 12:00:00+00:00,45.43977355724281,25.528431283475623,0.7908830856800951,1.3622548933269378,1.4033637261923906,1.2771956436336998
XRP-USD,Waterfall,SHORT,WIN,2026-05-25 00:00:00+00:00,44.94518786093578,23.820193062035905,0.8481466938987487,1.299393045198476,1.313547584954651,0.29733649239880144
XRP-USD,Waterfall,SHORT,WIN,2026-05-25 20:00:00+00:00,46.38160965032486,19.83563817373339,0.01833968841557303,1.1466136367392523,1.0249486034621655,0.496630267672616
XRP-USD,Waterfall,SHORT,WIN,2026-05-26 12:00:00+00:00,45.0811373555922,19.52936278461514,2.8718636078433137,1.2160561314905363,1.007618397981552,0.5284693696015872
XRP-USD,Waterfall,SHORT,LOSS,2026-05-28 20:00:00+00:00,44.710039540269285,27.96613817541272,0.18114406481956913,1.4817179088741286,1.6299493802663645,0.03806965521778883
XRP-USD,Waterfall,SHORT,LOSS,2026-05-29 08:00:00+00:00,43.59114619381885,24.484141875371982,0.9188411079166261,1.4632605149301847,1.5463272144169842,0.3664932426528413
XRP-USD,Waterfall,SHORT,WIN,2026-05-31 12:00:00+00:00,48.67645737693104,18.44867258509553,0.7711430090426128,1.2937409238456137,0.4404396152505306,0.8503978995911108
XRP-USD,Waterfall,SHORT,WIN,2026-06-01 00:00:00+00:00,49.00267207379744,15.67201943858596,3.062653042492887,1.284809843493997,0.42541329040430825,0.15801285558722908
XRP-USD,Waterfall,SHORT,WIN,2026-06-01 04:00:00+00:00,37.63271324850576,15.83361392703271,3.1043359873252863,1.3815815264063325,0.542422419460788,2.1049409901651646
XRP-USD,Liquidation,LONG,LOSS,2026-06-02 16:00:00+00:00,22.62780664297054,31.841130387883226,2.8665169393256926,1.857188539178105,2.0677862680283914,0.008198753418142385
XRP-USD,Liquidation,LONG,LOSS,2026-06-05 04:00:00+00:00,26.737482794694454,56.26665860365593,2.8807266108193743,2.8076473304534266,4.7708320670593904,0.10571528302544603
XRP-USD,Liquidation,LONG,WIN,2026-06-06 04:00:00+00:00,23.40940302719413,65.43287400140167,0.863035215473791,3.202618934570036,6.186476737237785,0.5862406682446948
XRP-USD,Liquidation,LONG,WIN,2026-06-06 12:00:00+00:00,26.833184688462282,67.33691480427885,0.0,3.128590111372741,6.285574691111837,0.775899592152971
XRP-USD,Waterfall,SHORT,LOSS,2026-06-07 16:00:00+00:00,43.042006653185304,54.954187309672974,0.600453319397905,2.81703082503941,5.084489558639225,0.818004493428332
XRP-USD,Waterfall,SHORT,LOSS,2026-06-09 12:00:00+00:00,42.69038534126013,27.711363133194645,0.6822242995848756,2.6834314150390925,2.6050810380896703,2.449625427646249
XRP-USD,Waterfall,SHORT,LOSS,2026-06-12 12:00:00+00:00,48.404011221981506,15.996036655111835,3.6727733506697757,2.1170930986743333,1.7851747799637434,1.072693358415193
XRP-USD,Waterfall,SHORT,LOSS,2026-06-14 12:00:00+00:00,47.69738091042402,12.627809829415304,0.8723791206535028,1.4640984607670031,0.713048648050926,0.7933659778750334
XRP-USD,Waterfall,SHORT,WIN,2026-06-17 08:00:00+00:00,49.22386744432499,22.990688731120716,0.0,1.9674116618815005,1.751821987555896,1.3758371777161442
ADA-USD,Waterfall,SHORT,LOSS,2026-04-06 20:00:00+00:00,47.00413270738081,20.531983591413617,0.01990075743587209,1.5872308256602845,0.20822820051355015,2.378039671799341
ADA-USD,Waterfall,SHORT,LOSS,2026-04-08 20:00:00+00:00,49.98845234278725,19.426320327548854,0.0,1.8632070785896189,0.7848056754764314,0.7512187572177137
ADA-USD,Waterfall,SHORT,LOSS,2026-04-09 08:00:00+00:00,50.07190778801343,16.309001856239103,0.0,1.6917163265173052,0.6208225723704028,0.051239198010254734
ADA-USD,Waterfall,SHORT,LOSS,2026-04-10 00:00:00+00:00,50.62479473350273,16.836047502041303,0.16377310856198174,1.6800920441605944,0.7163010805392069,0.7780957187757844
ADA-USD,Waterfall,SHORT,LOSS,2026-04-10 04:00:00+00:00,48.396306664480555,16.488947576125735,0.8217400968250558,1.662184675982112,0.6535558824805148,0.579157447885052
ADA-USD,Waterfall,SHORT,WIN,2026-04-11 04:00:00+00:00,47.63144797929709,18.012527191728694,0.42369492261169495,1.5640776817334119,0.6411422948339296,1.0530355193231662
ADA-USD,Waterfall,SHORT,WIN,2026-04-11 20:00:00+00:00,46.94118065473597,16.341670503157943,1.9324197598088153,1.5995111535312374,0.39645084153088544,1.9137627956423968
ADA-USD,Waterfall,SHORT,LOSS,2026-04-14 04:00:00+00:00,47.399592049460594,15.658052421917196,0.9386895625265257,1.6032331103860042,1.094091833260118,0.5449654003049299
ADA-USD,Waterfall,SHORT,LOSS,2026-04-14 16:00:00+00:00,43.204982590905175,14.81861021673561,0.17443321328920666,1.6813991154626506,1.0573436234483042,1.7622404509518976
ADA-USD,Waterfall,SHORT,LOSS,2026-04-18 08:00:00+00:00,48.43211077212353,25.14157103109678,0.17206363827716498,2.1146127903527856,1.3464537173831728,2.9856779192188565
ADA-USD,Waterfall,SHORT,LOSS,2026-04-20 20:00:00+00:00,47.8926102483441,13.017708901879889,0.7397831506380885,1.858958723600082,0.09665031274141951,0.32258010245509855
ADA-USD,Waterfall,SHORT,LOSS,2026-04-21 00:00:00+00:00,46.26648326614759,12.150950229767908,0.06105977340243126,1.824964559006184,0.13241505682215324,0.36422515166499825
ADA-USD,Waterfall,SHORT,LOSS,2026-04-21 12:00:00+00:00,49.48361631728412,10.946774474295115,4.542671198116387,1.7045299618953655,0.07188544921356585,0.5627045129018126
ADA-USD,Waterfall,SHORT,LOSS,2026-04-21 16:00:00+00:00,42.197977546417015,10.975998353527444,0.012424606785015675,1.760367476793137,0.1632403300889582,1.7565352365589764
ADA-USD,Waterfall,SHORT,LOSS,2026-04-22 20:00:00+00:00,46.61751609465207,11.776362432545966,0.0026283081246874273,1.6998398361041396,0.3268441855545436,1.5694190520067306
ADA-USD,Waterfall,SHORT,LOSS,2026-04-23 16:00:00+00:00,44.98337154031071,12.65639196128881,0.023733799984109932,1.6791345349438829,0.01865611879972697,1.5397101446475248
ADA-USD,Waterfall,SHORT,LOSS,2026-04-24 00:00:00+00:00,48.31504368593953,12.514434732582714,0.000390514436078789,1.6421619332736743,0.0035027151810057737,0.5631511915174392
ADA-USD,Waterfall,SHORT,LOSS,2026-04-25 12:00:00+00:00,49.976105453138544,7.953975457308292,1.4166380926416733,1.3949944508457417,0.19826051592452126,0.5992850776205862
ADA-USD,Waterfall,SHORT,LOSS,2026-04-25 16:00:00+00:00,47.40236159095568,8.179516784250897,0.0,1.3669952856584904,0.16308435576489969,0.3611498506086843
ADA-USD,Waterfall,SHORT,LOSS,2026-04-26 00:00:00+00:00,48.182880847384176,8.737064127758298,0.0,1.271333453419034,0.13280967905525726,0.3206347571994705
ADA-USD,Waterfall,SHORT,LOSS,2026-04-27 04:00:00+00:00,41.81868390950334,9.139241076714194,6.175407829122666,1.4316952355416563,0.24873792783762372,2.832860950635003
ADA-USD,Waterfall,SHORT,LOSS,2026-04-29 12:00:00+00:00,40.65726138565482,11.555848631161753,2.541344003491958,1.4251849806267545,0.31643468721520823,2.9496118555858355
ADA-USD,Waterfall,SHORT,LOSS,2026-04-30 08:00:00+00:00,46.795611446322276,12.692469401881837,0.0,1.4267731965553274,0.5051104685476284,0.24380746536690917
ADA-USD,Waterfall,SHORT,LOSS,2026-04-30 16:00:00+00:00,47.338451543854546,11.930564380885215,0.0,1.379203724512263,0.47913508004839633,0.44661134098775884
ADA-USD,Waterfall,SHORT,LOSS,2026-04-30 20:00:00+00:00,46.69617147983893,11.58992430536027,0.0,1.33741941348239,0.48522946338107203,0.08129612961732305
ADA-USD,Waterfall,SHORT,LOSS,2026-05-02 04:00:00+00:00,49.38563909482961,8.73389441343781,0.0911783506488257,1.150802957041739,0.17390111508199568,0.16148238215961075
ADA-USD,Waterfall,SHORT,LOSS,2026-05-03 00:00:00+00:00,49.08890090317466,9.442289740871823,1.6553106011907555,1.097887427956024,0.00023265909032133426,0.8061221970906519
ADA-USD,Waterfall,SHORT,LOSS,2026-05-04 08:00:00+00:00,47.92056778808281,9.901011225611798,4.780300216661776,1.2685272716165268,0.22449513399162252,1.2072458858854105
ADA-USD,Waterfall,SHORT,LOSS,2026-05-04 20:00:00+00:00,50.67031621546241,9.165865849098083,0.0,1.2841729392062375,0.24467722054486948,0.440353776716655
ADA-USD,FOMO Short,SHORT,LOSS,2026-05-06 12:00:00+00:00,70.07569511871084,22.672697496400808,0.13361508115878862,1.6148165355468524,1.5501032865532265,1.5695110214022103
ADA-USD,Mega Trend,LONG,LOSS,2026-05-12 16:00:00+00:00,47.66922799780833,29.819941474952433,0.8176729563707444,1.8871780393692594,2.151688432674055,1.1025325840365796
ADA-USD,Mega Trend,LONG,LOSS,2026-05-14 12:00:00+00:00,50.455208700614854,20.729090963175096,0.0,1.7765184263441647,0.39180119801550345,2.368622722471788
ADA-USD,Waterfall,SHORT,WIN,2026-05-24 00:00:00+00:00,45.99302366472146,28.665122413378953,0.23886343877396207,1.705900351099353,1.9225398482746463,0.3265300512016053
ADA-USD,Waterfall,SHORT,WIN,2026-05-24 04:00:00+00:00,45.81816065795035,26.87960867938416,0.0,1.6226132749525546,1.8717066222735064,0.08166736751002937
ADA-USD,Waterfall,SHORT,WIN,2026-05-25 20:00:00+00:00,45.569385886082564,18.058604633472267,0.30036401769161103,1.4365301425968018,1.4924046543757448,0.6981515460980131
ADA-USD,Waterfall,SHORT,WIN,2026-05-26 12:00:00+00:00,45.16678388412849,16.496789518452278,3.3785277585175537,1.5379732288304604,1.4595724032430446,0.6600648704579506
ADA-USD,Waterfall,SHORT,WIN,2026-05-30 04:00:00+00:00,46.18715334863579,15.022001694714266,1.460249911586893,1.8155060426973495,1.9344489323287868,0.5106406021895322
ADA-USD,Waterfall,SHORT,WIN,2026-05-30 20:00:00+00:00,47.66701770429806,15.675500666397372,0.5801116469772594,1.593386474458093,1.6209862390867424,0.5942312518594829
ADA-USD,Waterfall,SHORT,WIN,2026-05-31 12:00:00+00:00,42.90589422794334,16.149981632764742,2.13186664673529,1.5354138755723754,1.3816227537061605,1.4132746051032807
ADA-USD,Waterfall,SHORT,WIN,2026-06-01 04:00:00+00:00,39.66794260032281,13.782367297740926,2.887341327544396,1.668167476779482,1.3625701006485806,2.5140848914046394
ADA-USD,Liquidation,LONG,LOSS,2026-06-02 16:00:00+00:00,26.09304664092849,26.167823974620735,3.3464314432405935,2.1853099650692296,2.7006613721251465,0.23201557741827525
ADA-USD,Liquidation,LONG,LOSS,2026-06-05 04:00:00+00:00,17.185695903307376,59.13991532653877,3.3306859041630643,4.649095051426546,11.128874155268461,3.061846574242963
ADA-USD,Liquidation,LONG,LOSS,2026-06-05 16:00:00+00:00,20.173123819957713,65.215344344276,1.321647974410459,4.818887652821053,13.43320793312503,2.3052977665063317
ADA-USD,Liquidation,LONG,WIN,2026-06-06 04:00:00+00:00,21.586466907825816,70.12486463197855,0.5689550002597613,5.085033237431269,15.043681000409428,1.5257444328578098
ADA-USD,Liquidation,LONG,WIN,2026-06-06 12:00:00+00:00,24.351969167744507,71.46365355559314,0.0,4.935700064611084,15.258030954429897,1.2634264594736888
ADA-USD,Liquidation,LONG,WIN,2026-06-06 20:00:00+00:00,24.43619830415388,72.28024592209746,0.0,4.5624281864269465,15.392955695520575,0.3814337399433737
ADA-USD,Waterfall,SHORT,LOSS,2026-06-09 00:00:00+00:00,43.690120897443904,43.37389737655811,0.8133838082430488,3.728872319279633,9.659224510829446,2.5872432967860384
ADA-USD,Waterfall,SHORT,LOSS,2026-06-09 08:00:00+00:00,45.85522624729396,38.77052897678533,0.0,3.573738306528723,8.789394136248967,1.6119408561806678
ADA-USD,Waterfall,SHORT,LOSS,2026-06-09 12:00:00+00:00,41.08306015786346,37.47639565768143,0.3309214809223135,3.7168339853265744,8.848044815018872,2.6380357161630514
ADA-USD,Waterfall,SHORT,LOSS,2026-06-09 20:00:00+00:00,44.67202325953375,35.603756367879,0.0,3.7032295008696483,8.112189164948681,1.9370517925411928
ADA-USD,Waterfall,SHORT,LOSS,2026-06-14 08:00:00+00:00,49.37011053391357,22.747871185198854,0.6944518387523921,2.25324161493543,1.710195134497631,0.7067169749062864
ADA-USD,Waterfall,SHORT,WIN,2026-06-16 12:00:00+00:00,47.85696264626175,27.986329868841693,0.0,2.9122623327844472,0.6321711616793793,2.7586246467611124
AVAX-USD,Waterfall,SHORT,LOSS,2026-04-06 20:00:00+00:00,45.030564602900625,28.129911577576014,2.418255099912997,1.881706601926731,0.5626807186681374,4.5769782484016
AVAX-USD,Waterfall,SHORT,LOSS,2026-04-08 20:00:00+00:00,49.56963462436441,22.677635515615464,0.0,2.2169317352621274,0.5669431665407424,1.328398836209602
AVAX-USD,Waterfall,SHORT,LOSS,2026-04-09 08:00:00+00:00,50.3650610496361,18.903035356160377,0.005415877537193195,1.9748257773095357,0.4571405628638435,0.026545503478490422
AVAX-USD,Waterfall,SHORT,LOSS,2026-04-12 00:00:00+00:00,44.6466403140224,24.97441669363705,4.248371723165302,1.9047192149139827,1.1348006472412953,2.9811168142651496
AVAX-USD,Waterfall,SHORT,LOSS,2026-04-13 04:00:00+00:00,45.52434455519371,17.172604226705037,0.8364906021497723,1.6872137972766548,0.17344509494580665,0.007756055450962076
AVAX-USD,Waterfall,SHORT,LOSS,2026-04-15 04:00:00+00:00,49.82039795764225,23.506385491458506,0.9019024230311208,1.7932691398584417,0.7573962225200123,0.7543173546635754
AVAX-USD,Waterfall,SHORT,LOSS,2026-04-18 08:00:00+00:00,44.84821146755392,27.486418795676855,1.1775446511968126,2.221900495095594,1.5399075330247813,3.297876938267036
AVAX-USD,Waterfall,SHORT,LOSS,2026-04-20 20:00:00+00:00,46.709764085579245,16.39253009280271,0.9234463715527004,1.8847684699186609,0.3464256245121507,0.4310340840949625
AVAX-USD,Waterfall,SHORT,LOSS,2026-04-21 16:00:00+00:00,43.59586836744915,14.58334015897275,1.2774034683339974,1.877969767329072,0.24797700475049458,2.062970462500977
AVAX-USD,Mega Trend,LONG,LOSS,2026-04-23 12:00:00+00:00,50.60354764556671,13.364418130466577,0.4543424376541317,1.6556731057919967,0.036470232735793924,1.1714654561198619
AVAX-USD,Mega Trend,LONG,LOSS,2026-04-23 20:00:00+00:00,50.39234791576056,12.382516154346426,0.2088518883888136,1.6983610464607595,0.014098823899947648,1.1727042146609021
AVAX-USD,Mega Trend,LONG,LOSS,2026-04-24 04:00:00+00:00,50.0446410779306,10.996120463571852,0.0571248977659033,1.6483755531627144,0.03208019912810787,0.4268939417456637
AVAX-USD,Mega Trend,LONG,LOSS,2026-04-24 08:00:00+00:00,53.47636279857377,10.551200913169424,0.6705052251676633,1.6252169155435752,0.01371172407428314,0.6355875912014246
AVAX-USD,Mega Trend,LONG,LOSS,2026-04-24 12:00:00+00:00,54.439410474047854,10.138061330652885,0.3473387684326662,1.596546350899894,0.06499150749956974,0.2114213285731611
AVAX-USD,Mega Trend,LONG,LOSS,2026-04-25 00:00:00+00:00,53.168444330214484,8.914124173061131,0.0,1.4699633069830347,0.12453716107991332,0.4237284282951545
AVAX-USD,Mega Trend,LONG,LOSS,2026-04-26 04:00:00+00:00,53.62981139730292,8.059598301996722,0.2534837022824076,1.258598347406756,0.06451287240631766,0.9533813868021369
AVAX-USD,Mega Trend,LONG,LOSS,2026-04-29 08:00:00+00:00,54.28707252200166,15.301666753502978,1.500877832793556,1.2917829116096327,0.5009784051216218,0.5347613764161553
AVAX-USD,Waterfall,SHORT,LOSS,2026-04-30 08:00:00+00:00,43.762857804660925,14.848711286069397,0.06286914460777582,1.4544190176551228,0.7932924072990819,0.10940125636674097
AVAX-USD,Waterfall,SHORT,LOSS,2026-05-01 04:00:00+00:00,42.55420849725593,12.529246891508674,0.06135083486323468,1.2990743949306038,0.8667915729746375,0.5494421424680378
AVAX-USD,Waterfall,SHORT,LOSS,2026-05-01 16:00:00+00:00,47.74217569903846,12.330454157272932,0.8552004167278847,1.2435636329703097,0.7836141931184584,0.4366808135300151
AVAX-USD,Waterfall,SHORT,LOSS,2026-05-01 20:00:00+00:00,42.2635203578221,11.63302686838897,0.7643960973494951,1.2435769277465636,0.8135641350333034,0.881056435883782
AVAX-USD,Waterfall,SHORT,LOSS,2026-05-03 00:00:00+00:00,40.94239777359378,10.052098280566502,3.6641991806227936,1.1603318608473376,0.7306863385244302,1.5486763707248568
AVAX-USD,Waterfall,SHORT,LOSS,2026-05-03 20:00:00+00:00,45.04412130441379,9.037923383542564,1.02276754794307,1.129084027358201,0.7094481370753714,0.5506628981826622
AVAX-USD,Waterfall,SHORT,LOSS,2026-05-04 08:00:00+00:00,49.22746433919358,10.899040322012473,3.7733232157786336,1.4542903034150079,0.47704990434555533,0.9846739117392191
AVAX-USD,Waterfall,SHORT,LOSS,2026-05-07 12:00:00+00:00,51.09731465616273,21.011038789197094,0.2930377838465455,1.7742096486091554,1.1554068696728126,1.698512166839145
AVAX-USD,Mega Trend,LONG,LOSS,2026-05-12 16:00:00+00:00,47.80552623433209,27.395688866219082,0.21698520877022343,1.9329329787048672,1.854595488170832,1.4184432112060115
AVAX-USD,Mega Trend,LONG,LOSS,2026-05-14 12:00:00+00:00,56.64021030325569,20.22455293729404,1.8009687379465005,1.9150041570691383,0.6736125969551278,3.8767428136709117
AVAX-USD,Mega Trend,LONG,LOSS,2026-05-21 04:00:00+00:00,60.71340081036406,27.52090143228369,3.4430253643863153,1.4295249890919322,1.2333118190455536,0.8456651520450215
AVAX-USD,Mega Trend,LONG,LOSS,2026-05-21 16:00:00+00:00,59.44254117689046,25.376390073322565,1.335064402211781,1.5320988588069089,0.9061071879144043,1.2644877603083755
AVAX-USD,Mega Trend,LONG,LOSS,2026-05-22 00:00:00+00:00,58.67674750266889,24.585798291598724,0.0,1.460288445433384,0.6568911940858458,0.5268724124423448
AVAX-USD,Mega Trend,LONG,LOSS,2026-05-23 20:00:00+00:00,54.411047433362846,22.854231884354924,2.3516894224504057,1.9180019057726256,0.881910541404223,1.0661021348578836
AVAX-USD,Mega Trend,LONG,LOSS,2026-05-24 08:00:00+00:00,52.75307567085664,22.170139707066674,0.0,1.6895683830098132,0.6714675406398911,0.214137659924237
AVAX-USD,Mega Trend,LONG,LOSS,2026-05-25 04:00:00+00:00,53.1312422191421,16.982844218954916,1.7438619551910526,1.6324680424041744,0.6357315264195234,1.8220801466675471
AVAX-USD,Mega Trend,LONG,LOSS,2026-05-25 08:00:00+00:00,54.85646964416435,16.317508410721423,1.4299994799475844,1.585622751669984,0.5393730920869154,0.4268939417456637
AVAX-USD,Waterfall,SHORT,LOSS,2026-05-26 00:00:00+00:00,46.22535967786291,14.473921941593318,0.7526428697663439,1.5553033056037007,0.37265226071485746,0.9772003497841288
AVAX-USD,Waterfall,SHORT,WIN,2026-05-26 12:00:00+00:00,49.58671571310493,13.180129880575645,0.8261573939846256,1.65088164468465,0.2949951479555679,0.9698292583794627
AVAX-USD,Waterfall,SHORT,WIN,2026-05-26 16:00:00+00:00,44.31394195755424,12.315499438879606,1.3559023328593482,1.6856079781204723,0.36575993155723985,1.3100424405900453
AVAX-USD,Waterfall,SHORT,WIN,2026-05-27 16:00:00+00:00,46.078810347657566,9.426094343884834,0.0,1.6053827826977722,0.5764331167909943,0.6543016951274835
AVAX-USD,Waterfall,SHORT,WIN,2026-05-30 04:00:00+00:00,44.08851414698845,21.556751374065506,1.308656056766902,1.8541789410572218,1.5759317123391643,0.6741620470609363
AVAX-USD,Waterfall,SHORT,WIN,2026-05-30 20:00:00+00:00,45.68850669599714,17.649878323214665,0.043290737075433974,1.5943174784139973,1.3780067774467282,0.672639746964119
AVAX-USD,Waterfall,SHORT,WIN,2026-05-31 12:00:00+00:00,43.61678254480266,14.452993739980156,3.0176622104270043,1.5198894440011907,1.163504741703905,1.463965233846202
AVAX-USD,Waterfall,SHORT,WIN,2026-06-01 04:00:00+00:00,40.742348061512025,12.841134070371744,0.959162801760019,1.6903490933199774,1.1366409507636277,2.5056978783569908
AVAX-USD,Waterfall,SHORT,WIN,2026-06-02 00:00:00+00:00,47.220671503388566,12.374934538511168,0.5117551254813446,1.8574412315530582,1.0964004503394165,0.4509578621094437
AVAX-USD,Liquidation,LONG,LOSS,2026-06-04 12:00:00+00:00,28.631130830857774,43.39726164390491,0.2508963804150228,3.08127099961855,4.665978354048109,1.2886646716521546
AVAX-USD,Liquidation,LONG,LOSS,2026-06-04 16:00:00+00:00,29.139544747032776,45.62427505131633,0.0,3.004583684071072,4.81565591217946,0.12869693782786007
AVAX-USD,Liquidation,LONG,LOSS,2026-06-05 20:00:00+00:00,15.966493125098848,61.277458232689725,0.8959574302849168,4.364924952255962,8.82596582285199,0.4464246117236238
AVAX-USD,Liquidation,LONG,LOSS,2026-06-06 04:00:00+00:00,21.394249576209898,65.16362199396998,0.28549349490685927,4.716452920454733,9.760467761712738,2.3952073581400493
AVAX-USD,Liquidation,LONG,LOSS,2026-06-06 08:00:00+00:00,21.3942495762099,65.99839303202177,0.0,4.668271710850956,10.005527957437803,0.14969689074325565
AVAX-USD,Liquidation,LONG,LOSS,2026-06-06 12:00:00+00:00,21.896561432563068,66.77353756735558,0.0,4.552559311555577,10.157592117052662,0.14948025106580945
AVAX-USD,Liquidation,LONG,LOSS,2026-06-06 20:00:00+00:00,23.442781502781635,68.21435381174271,0.0,4.181351708085391,10.449703993114968,0.7507464721209202
AVAX-USD,Liquidation,LONG,LOSS,2026-06-07 00:00:00+00:00,28.167355307120417,67.72315010881219,0.5170773056117518,4.021390533604108,10.25834805044057,1.3333355938946758
AVAX-USD,Waterfall,SHORT,LOSS,2026-06-12 04:00:00+00:00,44.11079812673406,36.667884171409185,0.0,2.3912979312682063,5.281583867402687,1.219511042741837
AVAX-USD,Waterfall,SHORT,LOSS,2026-06-12 12:00:00+00:00,44.206049343281066,35.65758970970239,1.02450336441578,2.362586121490988,4.9398539408878985,1.2213728454423032
AVAX-USD,Waterfall,SHORT,LOSS,2026-06-14 04:00:00+00:00,48.58909418189613,22.9067438413877,0.0,1.7067523789185401,2.9599588476201344,0.9022547657005087
AVAX-USD,Waterfall,SHORT,LOSS,2026-06-14 12:00:00+00:00,41.1810780469554,22.591914710740806,5.869987320828524,1.713546097815204,2.891668428495116,1.8376704701913622
AVAX-USD,Waterfall,SHORT,LOSS,2026-06-17 08:00:00+00:00,50.142844180117024,14.359003956466665,0.0,2.0208752115110356,0.31272434413367317,1.3235246062692585
AVAX-USD,Waterfall,SHORT,WIN,2026-06-17 16:00:00+00:00,46.890396147487266,12.95173113725799,0.0,2.266269059611956,0.2606604020886676,3.4175337061165454
LINK-USD,Waterfall,SHORT,LOSS,2026-04-07 00:00:00+00:00,50.73482153207163,19.034572513692783,0.0,1.335765143763821,0.29192341134590494,0.15224732699238894
LINK-USD,Waterfall,SHORT,LOSS,2026-04-07 04:00:00+00:00,49.17823718602662,18.205248558013615,0.16565713712517946,1.3068909556567512,0.2593989606829497,0.3062274815929401
LINK-USD,Waterfall,SHORT,LOSS,2026-04-07 08:00:00+00:00,44.87197118681739,17.942019076690325,1.3888272858000357,1.3864456537632261,0.18027184083816536,0.9110863297074241
LINK-USD,Waterfall,SHORT,LOSS,2026-04-08 20:00:00+00:00,48.77666694644191,23.093277245154233,0.0002651195856128204,1.7780648231134812,0.9205247414525308,1.2991058234167538
LINK-USD,Waterfall,SHORT,LOSS,2026-04-10 04:00:00+00:00,50.54472589927746,18.94906517359283,0.06960531533643208,1.5971401126150637,0.5794234825930389,0.2499880807551605
LINK-USD,Waterfall,SHORT,LOSS,2026-04-12 00:00:00+00:00,43.38670785151213,22.44783262308745,6.495186601007177,1.6192855924665608,0.8289395894844845,2.9402204426583136
LINK-USD,Waterfall,SHORT,LOSS,2026-04-14 16:00:00+00:00,49.867662341478876,23.095508791370488,0.3273048685383569,1.661391611426339,0.6970439822786167,1.7169013383327931
LINK-USD,Mega Trend,LONG,LOSS,2026-04-19 12:00:00+00:00,47.8937995007394,24.919628506744758,0.9067072254682712,1.7303700321091335,1.1571087655068932,0.7105941427887006
LINK-USD,Mega Trend,LONG,LOSS,2026-04-20 04:00:00+00:00,48.2293223723825,20.44253845775648,0.4675641524503237,1.836132560273941,0.6636304153940124,0.6052167725468783
LINK-USD,Mega Trend,LONG,LOSS,2026-04-20 12:00:00+00:00,49.41923282309687,18.337229342388508,1.0293580140675782,1.8145540862975387,0.5605676707428799,0.6362559771768134
LINK-USD,Mega Trend,LONG,LOSS,2026-04-20 16:00:00+00:00,52.14996255399836,17.706854441764325,0.0,1.7818305864756263,0.5627920198627362,0.6002117504533786
LINK-USD,Mega Trend,LONG,LOSS,2026-04-21 20:00:00+00:00,54.42551739521067,16.80138451046341,0.10300815729839488,1.686378283831351,0.6119321715945719,1.4150481058114774
LINK-USD,Mega Trend,LONG,LOSS,2026-04-23 12:00:00+00:00,50.61928446306835,15.90276742775699,0.011578116069918327,1.4792373782197523,0.450610273320067,0.8878822552909135
LINK-USD,Mega Trend,LONG,LOSS,2026-04-23 20:00:00+00:00,50.93198489052935,15.254131467416974,0.01588654576546328,1.486317871336381,0.39277966626690064,0.7913528631749125
LINK-USD,Mega Trend,LONG,LOSS,2026-04-24 08:00:00+00:00,51.82025324309626,13.319104297958997,0.0236835895048371,1.430584311907437,0.31866793632914703,0.758467030436891
LINK-USD,Mega Trend,LONG,LOSS,2026-04-25 20:00:00+00:00,49.82296391042556,10.717012896886981,0.015523857192865538,1.1373592850010945,0.3364760560655189,0.42785283935132196
LINK-USD,Mega Trend,LONG,LOSS,2026-04-26 04:00:00+00:00,55.30916168528973,10.341706318041533,2.80160391980611,1.092192751203408,0.33525788409836227,1.0610119835120084
LINK-USD,Mega Trend,LONG,LOSS,2026-04-29 08:00:00+00:00,52.843713123774435,11.321953082144542,1.7928520595925277,1.1668557558766222,0.11070001609483411,0.4060708230072966
LINK-USD,Mega Trend,LONG,WIN,2026-05-04 00:00:00+00:00,62.904516083493256,14.245336129729882,4.469505634716621,1.0864409568061062,0.3760022465171408,2.3432470499207603
LINK-USD,FOMO Short,SHORT,LOSS,2026-05-06 12:00:00+00:00,74.48843552265821,44.75160549550584,0.02290758485132304,1.6798454994997696,1.7703372417572936,1.4749826354105324
LINK-USD,FOMO Short,SHORT,LOSS,2026-05-06 16:00:00+00:00,73.3042511360227,47.33018961517117,0.0,1.6575083970906765,1.958255832264006,0.15974235558513147
LINK-USD,FOMO Short,SHORT,LOSS,2026-05-06 20:00:00+00:00,72.00308120883305,49.65644912298611,0.0,1.6256363869827137,2.104896070105724,0.22006915450669082
LINK-USD,FOMO Short,SHORT,LOSS,2026-05-08 20:00:00+00:00,71.92642886917052,52.12252840014133,1.0328494523965206,1.6885303947109271,2.5878959132980386,0.13533048432549416
LINK-USD,FOMO Short,SHORT,LOSS,2026-05-09 04:00:00+00:00,71.51644020628305,55.21250769516874,0.5001306027330863,1.7298401606203377,2.9372627095486434,0.7550369597778777
LINK-USD,FOMO Short,SHORT,LOSS,2026-05-09 08:00:00+00:00,71.34357176216326,55.984248311346285,0.1592568629579915,1.6825398846186839,3.0540750369049365,0.028683168149830806
LINK-USD,Mega Trend,LONG,LOSS,2026-05-12 16:00:00+00:00,48.771733202617,35.61051907305031,0.06126454943468152,1.8294010587465745,2.4417658102551463,1.6183720606980094
LINK-USD,Mega Trend,LONG,LOSS,2026-05-13 20:00:00+00:00,46.03107058249591,25.495802645782774,0.7236373506392146,1.9992644758892781,1.5847790340197347,0.4406156367659787
LINK-USD,Mega Trend,LONG,LOSS,2026-05-14 04:00:00+00:00,47.088108544446484,22.270245859430876,0.6397233214214937,1.9993011052534555,1.2730428831461047,1.105457980113717
LINK-USD,Mega Trend,LONG,LOSS,2026-05-14 08:00:00+00:00,47.539307981357936,20.789912364840564,0.0,1.9288092598511437,1.1763858852831923,0.0976968787780669
LINK-USD,Mega Trend,LONG,LOSS,2026-05-14 12:00:00+00:00,59.11985275464307,21.18395192643463,1.0218482869118808,2.0270622883540823,1.2595204366754804,3.807820093764229
LINK-USD,Mega Trend,LONG,LOSS,2026-05-21 16:00:00+00:00,55.37702210432584,21.973094734354895,0.8405758562091576,1.6951848931728464,1.3083289443600186,1.5321717989249295
LINK-USD,Mega Trend,LONG,LOSS,2026-05-22 00:00:00+00:00,56.26597863426186,19.87246723269169,0.09271771361298649,1.6264706929216581,1.0540680248394696,0.7433804123447025
LINK-USD,Mega Trend,LONG,LOSS,2026-05-22 08:00:00+00:00,58.7320160275345,18.910644251476146,1.024132736395231,1.5565112791022644,0.7754132334904821,0.6780633374510266
LINK-USD,Liquidation,LONG,LOSS,2026-05-28 04:00:00+00:00,28.77941669883319,18.575512732940474,2.961680593558354,1.938790249699619,1.76364657915476,0.1574796223192393
LINK-USD,Waterfall,SHORT,WIN,2026-05-31 12:00:00+00:00,45.59570121919735,16.558848638073258,1.5769596122626242,1.6336803884240314,1.23176894239766,1.408918644600487
LINK-USD,Waterfall,SHORT,WIN,2026-06-01 04:00:00+00:00,41.07773842005096,15.186815626456621,0.5604324065730801,1.7503850446395297,1.2346733827341005,2.356482886797778
LINK-USD,Liquidation,LONG,WIN,2026-06-05 16:00:00+00:00,20.82633678212478,52.85220290742807,2.599773714475769,3.7940989973820116,6.755813483400123,0.2466043235327474
LINK-USD,Liquidation,LONG,WIN,2026-06-05 20:00:00+00:00,24.046016541035495,54.464723490445905,0.7047864502581731,3.810661654682522,6.938422339485376,0.8692126908757212
LINK-USD,Liquidation,LONG,WIN,2026-06-06 04:00:00+00:00,28.432254491908022,57.624640204388996,0.6136417552603278,3.83694567028597,7.266949040581336,1.6102836290702391
LINK-USD,Waterfall,SHORT,LOSS,2026-06-07 16:00:00+00:00,42.59407513174604,52.04639586344794,0.461920380944626,3.1079693537508333,5.94422965854609,1.8047698916817703
LINK-USD,Waterfall,SHORT,LOSS,2026-06-09 12:00:00+00:00,44.39500958913268,28.088181973838143,1.2105502904433847,2.757891355348165,2.8828581727200873,2.0863000489009886
LINK-USD,Waterfall,SHORT,LOSS,2026-06-09 20:00:00+00:00,49.06501544631812,27.286834559806724,0.045150835915080734,2.6667441247953145,2.5971817709535,0.43405999101965836
LINK-USD,Waterfall,SHORT,LOSS,2026-06-10 00:00:00+00:00,45.78599961979054,27.23806534318939,0.0,2.6504565251044996,2.5896150489103995,1.2525842277365413
LINK-USD,Waterfall,SHORT,LOSS,2026-06-10 16:00:00+00:00,42.7663908943375,26.951042942381584,0.6981639866900651,2.6893308334899624,2.5431969063366684,2.4166012482061463
LINK-USD,Waterfall,SHORT,LOSS,2026-06-11 04:00:00+00:00,48.89008815444658,24.79470494944682,1.0110780982119838,2.5230871392987697,2.3507409255962126,0.4381432846459668
LINK-USD,Waterfall,SHORT,LOSS,2026-06-11 12:00:00+00:00,48.434855106702635,22.24066668526802,0.0,2.4054298181401976,2.13241951289702,1.3162957635827977
LINK-USD,Waterfall,SHORT,LOSS,2026-06-12 04:00:00+00:00,49.6956710489658,17.6605034865989,0.30398064479261244,2.2899573928240815,1.5718534415667123,1.1531089630664106
LINK-USD,Waterfall,SHORT,LOSS,2026-06-12 12:00:00+00:00,49.685267854035715,15.750620979503028,0.4822758504477661,2.2896187527618808,1.3918385828853665,1.0243268155208602
LINK-USD,Waterfall,SHORT,LOSS,2026-06-14 12:00:00+00:00,47.13492047262753,12.554565862297066,2.602295178292749,1.5596403937009051,0.39433518716247806,1.1101173200741328
DOT-USD,Waterfall,SHORT,LOSS,2026-04-06 20:00:00+00:00,46.53381706336584,20.95687799281212,0.0,1.63538174214033,0.9765311487342798,2.131881363859872
DOT-USD,Waterfall,SHORT,LOSS,2026-04-08 20:00:00+00:00,50.37574182423464,21.226594029980195,0.0,1.93676145774839,0.10309998901961052,0.8434681151278646
DOT-USD,Waterfall,SHORT,WIN,2026-04-11 04:00:00+00:00,49.932893846388055,24.138673167548145,0.0305395373145658,1.7885582040227253,0.6718946362177812,1.0819612914116559
DOT-USD,Waterfall,SHORT,WIN,2026-04-11 20:00:00+00:00,50.85017875606016,22.74605573558757,1.8211974134539304,1.766730588529101,0.6142477583193192,1.5196276323879083
DOT-USD,Waterfall,SHORT,WIN,2026-04-12 00:00:00+00:00,40.86895597492908,21.188738327542406,2.418005676443322,1.9469168796248766,0.41441850170824757,3.4803216808435335
DOT-USD,Waterfall,SHORT,LOSS,2026-04-15 20:00:00+00:00,44.68372317323404,19.470794719525244,0.1591876930361105,2.140317573318121,2.6791171240230973,0.9306190864958168
DOT-USD,Waterfall,SHORT,LOSS,2026-04-18 16:00:00+00:00,49.99785581636957,24.15043791568536,0.0,2.634276671218752,1.751689970180343,1.4073499654675212
DOT-USD,Waterfall,SHORT,LOSS,2026-04-18 20:00:00+00:00,48.785559151081266,22.43672160573874,0.06909891474511749,2.5474202047550287,1.6238274313874586,0.23566543411940294
DOT-USD,Waterfall,SHORT,LOSS,2026-04-20 04:00:00+00:00,47.623309544307126,17.712440239013052,0.1936194997307013,2.35416196870404,0.6864927719382434,0.15835108730574926
DOT-USD,Waterfall,SHORT,LOSS,2026-04-21 12:00:00+00:00,50.42267645098807,12.792800349358787,9.917404763529797,1.9082625725831674,0.582771752383932,0.6269605069720616
DOT-USD,Waterfall,SHORT,LOSS,2026-04-21 16:00:00+00:00,45.92742766470221,12.354362766599301,0.0,1.9063247548330415,0.49832973560361893,1.1895309478556273
DOT-USD,Waterfall,SHORT,WIN,2026-04-22 16:00:00+00:00,49.42543370508677,13.379855876211316,0.0005358580282314399,1.8422237126128262,0.7307945043133547,1.5637201126290075
DOT-USD,Waterfall,SHORT,WIN,2026-04-24 16:00:00+00:00,48.392124544163316,17.79833027326594,0.002365160603425868,1.6559202756399216,0.403896948961149,0.23847543260510484
DOT-USD,Waterfall,SHORT,WIN,2026-04-24 20:00:00+00:00,46.964759765090186,17.0561610344254,2.2084071224577375,1.6678588048512875,0.41381880101416585,0.239236132698387
DOT-USD,Waterfall,SHORT,WIN,2026-04-25 08:00:00+00:00,48.00195427128227,14.50688739210756,0.08713198916363525,1.5969212423821741,0.33490811925675684,0.5568885331472012
DOT-USD,Waterfall,SHORT,LOSS,2026-04-25 16:00:00+00:00,41.94169147977601,14.232425180021778,0.1946291013203449,1.5965513410320615,0.40412916698439577,1.3698597240050516
DOT-USD,Waterfall,SHORT,LOSS,2026-04-27 04:00:00+00:00,40.463408254747485,12.928638370525661,2.739796536615142,1.599197051585757,0.27935840575774973,2.755270664022809
DOT-USD,Waterfall,SHORT,LOSS,2026-04-29 12:00:00+00:00,37.23374341766982,15.222688331745168,1.8572722981749084,1.5527011094279926,0.9125536754533098,3.065446590387208
DOT-USD,Waterfall,SHORT,LOSS,2026-05-01 16:00:00+00:00,45.745717321975505,17.984453111481802,1.0829162607114584,1.482810612328381,1.2767657255110378,0.16501437544021128
DOT-USD,Waterfall,SHORT,LOSS,2026-05-03 00:00:00+00:00,45.94072715392195,14.187620985477851,3.044393119713635,1.3810743617878536,1.0152977857478434,1.5728521751452962
DOT-USD,Waterfall,SHORT,LOSS,2026-05-03 08:00:00+00:00,47.85056858975703,12.507942632424454,0.8570404549797214,1.3350723737346935,0.9413760628564946,0.0825121055950368
DOT-USD,Waterfall,SHORT,LOSS,2026-05-03 12:00:00+00:00,46.94634692296029,11.681278747789696,0.12629671380259985,1.3244034076101163,0.9248690384798192,0.16528712295383663
DOT-USD,Waterfall,SHORT,LOSS,2026-05-03 20:00:00+00:00,47.08158548184437,10.679214295470185,0.0,1.2967083210126302,0.8616340100630078,0.49586136886150994
DOT-USD,FOMO Short,SHORT,LOSS,2026-05-09 04:00:00+00:00,70.0806779425369,31.498331007001678,0.05646484623151548,1.8096380757594466,2.842637889467341,0.5852243092423304
DOT-USD,Waterfall,SHORT,LOSS,2026-05-11 00:00:00+00:00,51.448392240206864,26.80179429557321,1.283253573010403,2.0868426146623986,2.798844025804197,2.750924913393788
DOT-USD,Waterfall,SHORT,LOSS,2026-05-12 00:00:00+00:00,50.18838741079316,21.79202690451801,0.0,1.943317152543856,2.407934319906004,1.038571101617603
DOT-USD,Waterfall,SHORT,LOSS,2026-05-12 08:00:00+00:00,45.901171015087286,19.701732782867744,0.3646287631544488,1.9519940999903829,2.1592247739922885,1.8768750627593942
DOT-USD,Waterfall,SHORT,LOSS,2026-05-13 12:00:00+00:00,43.62784145137985,19.22124247549945,1.9520540198775072,2.5438877742926027,1.7139899396492093,5.235205452875472
DOT-USD,Waterfall,SHORT,WIN,2026-05-15 04:00:00+00:00,48.7463027566472,16.097897740124413,0.8151077370724493,2.487220330198336,1.0845978725810774,1.0424377064914736
DOT-USD,Waterfall,SHORT,LOSS,2026-05-20 20:00:00+00:00,47.152600540249374,27.36877908950671,0.650149993633435,1.717389396670826,2.063444529239885,0.641541006179955
DOT-USD,Waterfall,SHORT,LOSS,2026-05-21 08:00:00+00:00,46.902197874096224,23.21757047285141,1.0912027874150736,1.8463737105541902,1.6332289394214594,2.2453887417865563
DOT-USD,Waterfall,SHORT,LOSS,2026-05-22 16:00:00+00:00,50.37478889564832,23.430976328535873,1.352593245836157,2.2419016015543023,0.05172770516424633,2.895153377489275
DOT-USD,Waterfall,SHORT,LOSS,2026-05-22 20:00:00+00:00,45.478349197844516,22.30113574225517,0.09308868484887238,2.343843068049778,0.14982616623213788,1.6706466321715248
DOT-USD,Waterfall,SHORT,LOSS,2026-05-24 12:00:00+00:00,48.258894473168255,19.817932466323462,0.32995702123732396,2.415730230930019,0.3800443572629258,1.1895309478556273
DOT-USD,Waterfall,SHORT,LOSS,2026-05-25 08:00:00+00:00,47.73823245749938,14.883282044453699,1.4111574897570955,2.186385739037318,0.5782886202427068,0.5577664947424904
DOT-USD,Waterfall,SHORT,LOSS,2026-05-25 20:00:00+00:00,48.66449806866389,13.543050639883006,0.0727344513125274,2.2008999765256614,0.4020156943062495,1.2698438528594052
DOT-USD,Waterfall,SHORT,WIN,2026-05-26 16:00:00+00:00,46.26016287604026,12.165484816244502,2.3536133220029924,2.407408598678883,0.44818806532544103,1.7628168848874815
DOT-USD,Waterfall,SHORT,WIN,2026-05-27 08:00:00+00:00,48.04389018178577,10.348417864273708,0.5234970277211543,2.2575567039117583,0.46083276167789183,1.1164321171513656
DOT-USD,Waterfall,SHORT,WIN,2026-05-27 16:00:00+00:00,48.83904359736557,9.464190904359356,0.0,2.336446480969347,0.4087260717799223,0.8751024232584251
DOT-USD,Waterfall,SHORT,WIN,2026-05-27 20:00:00+00:00,41.77044104797701,9.704988281331676,0.986593030660411,2.441825747238231,0.5484970613620979,2.3615572965159144
DOT-USD,Waterfall,SHORT,WIN,2026-05-29 16:00:00+00:00,39.8836331211172,16.567652600588126,2.2833520313208737,2.6120023292311414,1.7768792680672065,2.436968341620549
DOT-USD,Waterfall,SHORT,WIN,2026-06-01 04:00:00+00:00,39.131639903422496,17.426881389673003,2.779131682648997,2.1991627094201434,2.073709283373667,2.9209552309731124
DOT-USD,Waterfall,SHORT,LOSS,2026-06-08 00:00:00+00:00,42.80073857427244,52.385571895024405,0.24259020217807498,3.540984077196581,6.8987207938682475,0.413223980155594
DOT-USD,Waterfall,SHORT,LOSS,2026-06-08 20:00:00+00:00,45.091559506129215,42.86193701133295,0.16754367688008187,3.0717141141129343,5.589334353166341,1.4373715501516184
DOT-USD,Waterfall,SHORT,LOSS,2026-06-09 12:00:00+00:00,38.15665269057541,39.72879392676151,0.5636414308665858,2.9785178444937523,5.303279639083647,2.653931688898926
DOT-USD,Waterfall,SHORT,LOSS,2026-06-11 12:00:00+00:00,45.79360783288737,36.54876575889887,0.0,2.605614257440716,4.257123342051865,0.7407438243437859
DOT-USD,Waterfall,SHORT,LOSS,2026-06-11 20:00:00+00:00,47.471198093343304,32.5017831016836,0.0,2.593069612778729,3.867194066768171,1.2631604704500559
DOT-USD,Waterfall,SHORT,LOSS,2026-06-12 04:00:00+00:00,46.379005870763095,29.55959736038382,1.4948820285825581,2.4518775423519297,3.6154413777396788,0.845667693639176
DOT-USD,Waterfall,SHORT,LOSS,2026-06-12 12:00:00+00:00,47.52248319618982,25.832079415367527,2.739742833531514,2.4563527157974137,3.2729385211489457,1.7913613839030278
DOT-USD,Waterfall,SHORT,LOSS,2026-06-14 04:00:00+00:00,49.949402898633124,18.93966613754988,0.0,1.9324582085307,1.4074642966584674,1.137536453140271
DOT-USD,Waterfall,SHORT,LOSS,2026-06-14 12:00:00+00:00,46.30336901137291,17.35662787260927,0.34977392856807865,1.867059933544026,1.3683501372166218,1.2539147856636943
